<keymap version="1" name="Eclipse (Mac OS X) copy" parent="Eclipse (Mac OS X)">
  <action id="Back">
    <keyboard-shortcut first-keystroke="meta open_bracket" />
  </action>
  <action id="EditorLineEnd">
    <keyboard-shortcut first-keystroke="end" />
    <keyboard-shortcut first-keystroke="ctrl e" />
  </action>
  <action id="EditorLineStart">
    <keyboard-shortcut first-keystroke="home" />
    <keyboard-shortcut first-keystroke="ctrl a" />
  </action>
  <action id="EditorRight">
    <keyboard-shortcut first-keystroke="right" />
  </action>
  <action id="Find">
    <keyboard-shortcut first-keystroke="meta f" />
  </action>
  <action id="FindInPath">
    <keyboard-shortcut first-keystroke="ctrl h" />
    <keyboard-shortcut first-keystroke="shift meta f" />
  </action>
  <action id="FindNext">
    <keyboard-shortcut first-keystroke="meta k" />
    <mouse-shortcut keystroke="button4" />
    <keyboard-shortcut first-keystroke="meta left" />
  </action>
  <action id="FindPrevious">
    <keyboard-shortcut first-keystroke="shift meta k" />
    <mouse-shortcut keystroke="button5" />
    <keyboard-shortcut first-keystroke="meta right" />
  </action>
  <action id="Forward">
    <keyboard-shortcut first-keystroke="meta close_bracket" />
  </action>
  <action id="GotoDeclaration">
    <keyboard-shortcut first-keystroke="f3" />
    <mouse-shortcut keystroke="meta button1" />
  </action>
  <action id="GotoFile" />
  <action id="ReformatCode">
    <keyboard-shortcut first-keystroke="shift meta l" />
  </action>
  <action id="Replace">
    <keyboard-shortcut first-keystroke="ctrl f" />
  </action>
  <action id="StructuralSearchPlugin.StructuralReplaceAction">
    <keyboard-shortcut first-keystroke="shift meta r" />
  </action>
  <action id="TodoViewGroupByFlattenPackage" />
  <action id="Vcs.ReformatCommitMessage" />
  <action id="android.deploy.ApplyChanges">
    <keyboard-shortcut first-keystroke="ctrl meta r" />
  </action>
  <action id="android.deploy.CodeSwap">
    <keyboard-shortcut first-keystroke="shift ctrl meta r" />
  </action>
</keymap>